Tamanho do Apartamento;Índice de Crime;Distancia do Centro;Preço
370;0.018067513;78.80890912;18500013.93
124;0.000797551;28.30305632;8680013.753
139;0.001646181;18.52622077;7645013.693
240;0.000698986;10.54416839;12600012.16
191;0.001223655;23.6138916;13370014.16
375;0.001278238;112.6292852;26250014.59
221;0.000627298;96.27599444;16022512.61
281;0.000383207;3.555017529;15455013.58
207;0.00123188;44.22335231;15525013.69
388;0.000772488;21.52268591;24250013.74
50;0.000829721;87.64584454;3375012.491
199;0.001419572;32.58270222;10945013.91
245;0.00127984;18.12003602;18375013.76
110;0.000255691;64.528723;6875011.917
336;0.000920547;87.24129175;22680013.73
364;0.000451214;54.63272081;24570014.09
260;0.001339457;7.158972344;18200014.15
292;0.001476352;25.4992949;16060014.41
263;0.000580553;27.71153087;17752513.86
260;0.001346788;13.12590882;13000014.25
267;0.001257851;0.773864835;14017514.11
323;0.000762518;81.36099039;19380014.42
239;0.000741219;12.17898335;13742514.21
117;0.001084717;44.79044308;6727512.474
139;0.001593809;46.6598459;8687510.135
396;0.001541904;3.480439739;20790014.66
329;0.000397506;14.15094182;18095014.62
79;0.001103082;63.11180176;4740012.075
198;0.001200343;68.83680149;11880013.14
280;0.000863715;23.75700489;14000014.46
220;0.00180536;7.61124114;12100014.14
294;0.000898407;137.3457627;16905013.89
360;0.000168813;54.78434285;24300014.67
304;0.00030642;28.39147992;22800014.21
252;0.0004598;19.49633627;13230013.49
214;4.22E-05;33.33725551;14445013.93
184;0.001450291;51.98267919;11040013.7
158;0.001418272;47.9680344;9875011.669
86;0.0012205;24.72395898;6020013.119
205;0.000429984;2.252651061;14350012.27
198;0.00153382;88.06068063;12375012.15
129;0.00130883;107.4094432;7095013.584
221;0.000253569;98.92921349;14365012.46
231;0.000771077;160.688321;15592513.62
208;0.000727691;39.9920517;10920011.97
363;0.00115042;188.7573964;24502514.18
181;0.000820071;8.497605226;12670013.47
183;0.000132583;16.64170966;9607513.619
270;0.00060683;24.2947455;20250014.2
288;8.39566E-05;84.24865171;17280013.27
235;0.001002071;182.9076671;15275013.89
346;0.000870622;79.12687586;19895014.07
129;0.001898336;93.7562275;6772513.705
278;0.000799776;1.602216148;20155013.95
352;0.000992578;48.55689646;22880013.2
200;0.000161741;16.12488901;14000011.79
177;0.001557691;76.52858337;11062512.53
116;0.000647178;181.0908034;8700013.491
161;0.000729476;98.22732036;9257513.358
217;0.000987316;35.11567921;14647513.55
255;0.001326234;42.47018234;17212511.37
97;9.31651E-06;65.8140681;6547513.237
110;0.00114853;26.82739506;6325012.659
395;0.001953583;120.3546185;19750014.59
66;0.000757103;10.66438141;4785011.822
74;0.000637456;24.93399011;5550012.84
117;0.001548769;45.55642784;7312512.866
95;0.001444738;153.0077789;6412513.21
202;0.001853168;41.52896003;10605011.25
211;0.000999223;6.227760905;11605011.77
45;0.001108183;129.1554838;2925011.004
205;0.001454176;78.46298758;13325012.24
52;0.000626404;28.72347928;2730010.634
157;0.000890012;15.4565363;8635012.406
261;0.000550706;59.43120943;14355013.81
30;0.000782814;15.05349898;2100011.347
352;0.001718249;93.76089702;19360013.55
317;0.001302252;4.408631446;15850013.13
146;0.000135826;95.57032341;9490011.844
104;0.000890415;38.30165588;7020011.883
252;0.000409162;40.29854611;13230013.58
263;0.0011397;21.6796313;19067513.52
366;0.001298929;5.557765193;19215013.49
52;0.001213212;79.75458138;3640012.841
103;0.000106714;17.46588409;7210013.575
335;0.000518724;59.18187716;25125012.17
38;0.001021126;0.136305951;1995012.384
336;0.001714626;55.82165158;19320014.37
269;0.001241907;67.8392602;16140011.42
268;0.000763037;52.30166801;19430012.1
41;0.001468379;36.63421808;2562512.42
57;0.001534303;96.66067243;3420012.923
301;0.001420161;23.97490547;20317513.51
33;0.000709027;115.9630142;1897510.105
338;0.001431804;12.54351224;16900013.42
108;0.000777061;14.7442865;5670012.735
241;0.000248551;42.85213532;16267513.18
369;0.001399758;27.20227982;19372513.66
318;0.001316292;14.87169559;21465014.22
272;0.000444987;14.57708678;14960013.97
384;0.000281873;35.09080823;28800013.5
228;0.001194454;27.36747396;13680012.03
303;0.0001277;22.19613219;15907511.56
191;0.001442391;3.328896941;10982513.9
342;0.000736979;5.535068914;19665014.63
42;0.000192875;34.89903374;2835012.114
372;0.000774643;34.16053661;21390013.96
201;0.00136237;59.96449572;10552512.17
174;0.000130191;40.09855216;9135011.489
152;0.000999037;18.35721286;10640013.72
82;0.000118996;107.0210499;5535011.437
133;0.000906551;147.9069531;9975013.576
118;0.000520761;80.83297818;8555013.245
233;9.34341E-05;98.5138438;12815011.94
199;5.83163E-05;77.92595945;14427512.46
87;0.000853549;77.30499604;4350011.012
388;0.001351743;140.0616141;20370014.48
333;0.000975714;72.40634615;20812513.96
239;0.001372536;14.40968218;16132514.03
185;0.000485037;19.22338932;13412513.19
340;0.001442492;141.5862076;20400013.42
71;0.000387187;8.873207598;3727510.34
28;0.001585407;50.30319383;1400009.945
52;0.001089364;70.28335779;2860012.895
60;0.000254949;26.33777014;3000012.199
198;0.000751025;133.9181754;13365012.84
297;0.001031952;8.601239088;14850014.51
301;0.000832709;3.532481229;16555014.49
263;0.001638273;116.7676305;13150013.78
43;0.0001392;142.7681401;2795012.541
275;0.000657151;20.73466351;17187512.38
250;0.001363559;97.43809765;13125014.04
156;0.000831531;14.64308739;7800013.023
328;0.000157719;35.91699509;23780014.25
273;0.000898634;61.84386834;13650013.35
143;0.001674009;31.34188783;7865013.126
123;0.001375527;33.79054251;8302513.148
94;0.000217211;0.754826905;6815013.217
365;0.00047489;45.2418445;27375014.01
147;0.00088175;76.34521183;10290012.14
311;0.000980447;40.74517906;22547514.39
380;0.000987332;80.00059429;21850014.52
265;0.000411346;96.5018891;15900014.05
351;0.001067325;82.58594764;18427514.52
279;0.000625969;7.737168722;14647513.63
276;0.000437864;54.64140506;16560013.57
218;0.001569713;65.67437687;12535014.18
134;0.000680114;76.64393941;10050013.73
45;0.001211032;54.326956;3037509.099
35;0.00051272;3.483058707;2100012.591
388;0.000103726;62.2869687;25220013.91
392;0.001912392;35.65107733;19600013.78
47;0.000778918;46.22030977;3172512.838
332;0.000756939;67.78029338;24070012.84
101;0.001369682;49.90327828;5807512.78
167;0.001068625;48.39421715;11272513.9
155;0.000951607;23.4123273;9687511.26
334;0.00084548;21.45340596;20040014.44
34;0.00130116;120.8856501;1870012.392
282;0.001158478;13.62608168;19740014.09
277;0.001063507;56.88293189;17312512.84
232;0.000606234;30.90254928;17400010.57
150;1.60099E-05;58.79097686;7875013.729
96;0.000258617;65.64833209;4800013.066
78;0.000988316;30.20386368;4095009.916
313;0.001642649;8.518361207;17215014.28
283;0.001003481;0.275358908;17687512.98
319;0.001124407;33.62676862;19140014.09
387;0.000989863;46.4911101;22252514.6
327;0.000439324;14.24641043;16350013.21
163;0.000470028;51.08386308;10595013.83
59;0.001170083;59.94843307;3540012.292
322;0.000449877;49.58416864;20125013.89
247;0.000768232;57.84736721;13585013.44
395;8.24646E-05;154.5198837;23700013.7
330;0.000707572;95.53789994;18150014.59
323;0.000296712;50.8085777;20995013.93
355;0.000795456;39.84923817;19525013.52
27;0.000440146;61.09813833;1485012.239
172;0.000765294;91.36404228;11610013.19
234;0.001035554;65.54583591;14040013.22
226;0.001356577;111.9819429;12430013.89
39;0.001213585;83.02423293;2632511.154
255;0.001138451;6.828069583;15937512.8
396;0.00030917;18.07728316;19800014.21
345;7.76759E-05;1.557144795;24150014.32
348;0.000959184;149.954484;19140011.59
100;0.001152781;29.83604057;7500013.174
213;1.38549E-05;19.58031551;12780013.8
172;0.000770681;38.69457363;12040013.33
95;0.000767705;126.5286497;7125013.329
79;0.000188884;63.86499667;4937510.969
397;0.001064699;12.12488675;28782514.65
237;0.000482154;101.0502523;15997512.54
300;0.000167554;37.43481847;15750011.4
43;0.001453462;46.39414422;2795010.378
284;0.000743693;125.7876721;15620013.12
311;0.000570189;118.6339712;15550014.35
37;0.001248166;38.2528198;2682512.374
246;0.000302102;34.00266494;16605013.46
92;0.000892113;50.91661397;6440011.866
344;0.000939144;95.0658623;24940014.42
191;0.000968427;23.49806808;13847513.19
236;5.11742E-06;40.4081668;11800014.02
310;0.000973222;1.215712882;17825014.54
366;0.000661633;119.5312307;21960014.45
283;1.70639E-06;70.37312724;16980014.39
97;5.58871E-05;43.39500423;6305013.341
298;0.000286556;51.21967161;17135014.41
322;0.000727748;97.38113497;20125013.99
120;0.000950516;18.68787001;7800012.883
302;0.000297626;43.83347307;17365014.16
214;0.000462857;99.13930941;11770013.55
139;0.000859194;23.00505596;9382512.874
140;0.000939521;52.34124887;8050012.104
319;0.000191372;39.43797772;19140014.18
144;0.00028825;98.39254061;9720013.541
193;0.001086343;86.22977626;11097513.94
129;0.001120258;1.369949359;9030011.852
397;0.000563727;0.706867302;21835014.57
204;0.000640515;75.09911013;13260014.1
231;0.000740977;104.2158395;17325014.05
291;0.001422787;8.263235208;20370011.93
39;0.001104355;46.5353437;2340012.199
127;2.67974E-05;33.23902006;6667512.938
121;0.001367551;65.92724386;7260012.656
227;0.000576073;4.300271742;17025014.08
282;0.001358676;127.8943384;15510013.78
69;9.03949E-05;15.36887173;4657512.981
36;0.001386113;78.17480938;2340012.202
194;0.001516415;71.14768391;9700013.676
338;0.000489695;64.79529335;16900014.54
278;0.001598843;86.62349982;14595012.55
305;0.000477102;27.3059209;21350014.38
88;0.000896164;57.48985966;5720010.914
225;0.001273565;129.4816617;14625013.96
352;0.001201232;80.74934178;22880013.44
294;0.001610133;47.10782259;16905013.08
357;0.000730427;60.86306191;19635014.45
145;0.000380003;1.827266568;9062513.648
387;0.000684204;16.24413692;19350013.67
210;0.001004575;48.61571067;12075014.12
223;0.000280459;30.93760894;13380013.08
261;0.000422381;13.72979446;15007514.26
351;0.001067818;144.0334911;26325013.24
312;0.000613714;2.983936047;16380009.4
128;0.000785473;106.7423642;8320013.435
161;0.001037006;81.26678112;10867513.51
304;0.000171914;12.14952139;17480014.47
240;0.001694691;10.71146555;13800013.77
205;0.000892253;52.42110701;13837513.87
239;0.001414471;26.00758079;15535013.09
129;0.000559714;135.1754646;9352513.47
227;0.00079393;49.26997623;16457512.06
113;0.000592624;48.07772794;7062512.062
385;0.001057235;4.548283032;27912514.44
345;0.001520521;106.0608276;20700014.17
394;0.000902252;57.91880012;28565014.42
264;0.001514759;80.35801691;16500013.87
268;0.001006724;28.03254804;14070014.39
270;0.000116912;54.7576638;15525013.1
109;0.001064936;3.755863658;6540013.152
341;0.000648035;8.251519608;23017514.54
212;0.000205225;128.8438251;12190013.84
209;0.000469083;28.27787033;11495013.03
389;0.000133894;137.727689;24312514.63
395;0.000325799;43.98959595;20737512.54
185;0.001469324;69.500133;11100012.47
398;0.001424284;7.35517719;25870014.46
315;0.001123023;91.20019651;19687514.08
323;0.00086761;115.618417;24225013.52
301;0.000572431;83.40906673;15050014.21
396;7.43899E-05;3.493042822;27720013.96
266;0.000981614;42.02546489;19285014.2
364;0.000819981;91.78893966;24570013.91
311;0.001697273;13.99476442;15550014.38
314;0.000708056;3.990316302;15700012.25
37;0.000858505;6.341764914;2220011.501
236;0.000782458;94.44625045;12980013.47
122;0.000624077;0.99823088;9150013.091
53;0.000503807;26.67558795;3445011.842
250;0.001095455;162.0216942;17500012.33
83;0.001624122;8.160854273;4565012.745
56;0.000681734;18.14927104;3080012.98
48;0.00066357;79.29616913;3480012.595
248;0.000105016;189.0661477;17980013.56
58;0.00088701;10.36463537;4350012.54
389;0.000552394;50.63185779;21395014.44
142;0.000157571;22.63653094;9230013.251
158;0.00095928;63.63634474;9875013.881
104;0.000903747;23.64658395;7540013.118
45;0.000916872;49.32737037;2587510.768
100;0.001263354;41.69167803;6250013.556
126;0.000231788;131.4984481;7245012.828
225;0.000299478;27.71684446;11812513.85
307;0.001646281;20.36750808;16885014.56
254;0.000545869;73.35569333;16510014.29
380;0.001637891;38.32085846;19000013.24
269;0.001790829;53.51049313;13450012.68
104;0.000299538;19.92155401;6760012.435
311;0.001409337;13.19991687;20992512.12
353;0.001189875;17.23122995;22062513.06
110;0.000821982;114.8015004;6875013.524
384;0.001313918;0.492401536;21120014.34
287;0.001397824;60.3324684;15785012.65
188;0.000798039;12.97514276;14100013.86
104;0.001326339;56.56877682;5200013.088
381;0.000509819;18.27815061;23812513.83
63;0.000378146;81.3009575;4095011.236
107;0.000956962;20.31514673;6420011.608
164;0.001051194;24.0682423;8200013.738
141;0.000157124;94.78911819;8812512.756
21;0.001835667;30.71362655;1102511.95
26;0.000909167;91.18887123;1755011.424
60;0.000485438;43.53956735;3750012.047
286;0.000804279;121.6077124;17875013.59
323;0.001390803;7.692000058;17765013.17
129;0.000892411;75.79351467;8385012.647
22;0.00152336;27.59995335;1430012.097
143;0.000724727;91.45409556;8222513.381
348;0.000983748;8.291316233;25230014.46
336;0.000444095;14.95455008;23520014.02
198;0.001591284;14.08298322;12375013.97
228;8.6574E-05;144.7526031;16530013.05
50;0.000993567;93.43498052;3250011.299
136;0.000942444;54.25679019;7820011.377
385;6.1141E-05;11.03396168;27912514.42
160;0.000467106;1.339192998;10400013.43
332;6.04974E-05;3.675814111;19920013.84
103;0.001709992;40.73481255;5922513.107
178;0.000835874;21.64228763;11125013.16
90;1.53061E-05;13.64954448;5175013.437
399;0.000748272;3.763192502;21945013.84
224;0.000950915;10.18309215;13440013.98
199;0.000478972;53.09113462;13930013.43
78;0.000336085;67.12332135;4680011.816
289;0.001125245;25.13484313;18785014.12
186;0.000308931;18.33335522;11160013.17
42;0.001162289;49.01794807;3045011.33
46;0.000609969;25.81570568;2875012.713
96;0.00031365;61.89424229;5040011.941
67;0.000131643;11.21497804;3517511.744
70;0.000498274;35.94134323;4550012.596
234;0.001373091;78.84606074;12285014.3
40;0.001613157;37.90061163;2300011.857
163;0.000877562;12.2613904;11817510.16
212;0.001350605;74.93161681;10600014.17
224;0.001057195;107.9270443;13440012.02
138;0.001296994;91.59413188;9660013.498
261;7.3537E-05;11.89900425;13050012.98
322;0.001294501;10.2851789;18515012.65
289;0.000818276;123.3903055;21675014.38
47;0.000970777;4.889093547;2585011.788
87;0.00167072;12.60309955;4785012.186
90;0.000472624;43.13748303;5625012.811
91;0.00072546;42.00240012;5460012.996
182;0.001453992;33.10720082;10465013.49
347;0.00117977;105.9830909;18217513
123;0.001358076;149.4463963;8917513.679
274;0.000411948;57.30567238;17125014.45
56;0.000801394;145.5146892;2940012.396
299;0.000713725;64.92827479;14950014.31
97;0.000617502;187.3647412;7032513.154
219;0.000706303;41.72954739;14782512.77
239;0.001558717;18.80197073;14937513.17
86;0.001042728;15.534371;6450013.23
194;0.000806124;137.2223856;9700014.039
368;0.001909419;53.017314;18400014.57
219;0.000389439;22.3389423;10950011.22
393;0.000821198;146.6077923;27510014.41
210;0.000624023;41.27577303;11025012.58
379;0.000770067;44.1136407;22740013.84
77;0.000148529;150.7089576;5197512.323
129;0.000532505;49.69024933;8707512.328
92;0.001497507;7.519577256;4600012.335
314;0.000120417;4.479815273;17270012.77
132;0.001052534;11.24968471;8580013.614
301;0.000426772;0.053297816;15802513.59
63;0.000921253;74.40087575;3780012.828
237;3.98883E-05;1.123584987;17182514.2
239;0.000962263;21.77841169;13742511.19
320;0.001050255;98.50232929;24000014.55
141;0.00162901;57.25347695;8107513.815
69;0.001253319;76.61484884;4312512.565
399;0.000826938;181.6038032;25935014.8
46;0.001489833;10.86279278;2645011.937
356;0.000975084;87.53413885;18690013.86
143;0.001692811;151.726554;7865012.916
25;0.000813611;10.83088752;1750011.432
277;0.000990238;9.069606264;15927514.23
264;0.001555766;25.28088989;16500014.01
195;0.000872563;62.58648489;11212513.26
377;0.001414593;105.7293184;20735013.31
78;0.0008204;32.58169171;5265012.476
103;0.000581879;93.95193124;6437512.772
26;0.001184686;33.78889218;1820010.766
184;0.001440445;9.168424882;11500013.36
22;0.000355459;12.18731875;1430011.927
246;0.000577779;101.6570493;17220014.39
135;0.000343868;2.18886067;8437512.919
120;4.39756E-05;69.31580702;8700013.609
343;0.001005165;29.49182866;17150013.98
396;0.001931571;13.43322426;19800014.67
306;5.70447E-05;12.60763558;22950013.41
146;0.000920837;8.145761786;10220013.86
116;0.000580256;181.0493907;8700013.626
297;0.001701837;53.84648099;17077514.34
262;0.00048753;127.526143;15720014.31
79;0.000362957;85.60288062;4937513.313
170;0.001427508;1.042981607;10200013.08
164;0.001081656;46.71811854;9430013.226
289;0.001584472;77.91591208;15895014.39
88;5.68393E-05;71.38699538;5500013.434
347;0.000614901;49.75161248;26025014.45
199;0.000852667;52.99103252;12437513.3
184;0.001061288;55.04991215;13800013.89
74;0.000305857;42.83742558;3885012.974
50;0.00054292;40.33971489;3125012.456
265;0.000432265;71.55926035;17225012.95
269;0.000382857;55.11243921;14795014.36
150;0.001037273;5.920561611;10500013.68
192;0.000135214;87.68402432;11520013.58
299;0.0003078;50.37045814;18687514.11
399;0.00054065;61.98630937;21945014.65
289;0.000742936;154.6428861;21675013.99
209;0.000110196;131.1491601;14107513.26
57;0.000846222;60.60401234;4275012.642
113;0.00168872;83.46152776;5650013.54
261;0.001256855;90.20148577;16312513.85
252;0.000834677;22.86532083;15120012.38
48;0.000324839;4.421858112;2400010.517
126;0.001452023;35.70222727;6930013.67
147;0.000831075;72.07704494;8820012.499
42;0.000991941;0.057252727;2940010.027
370;0.00136925;28.58987784;22200014.71
377;0.000765666;7.563632237;25447514.63
387;0.001165808;69.37524325;21285014.54
68;9.62713E-05;25.22410945;4590012.953
250;0.00063541;22.54179256;16250013.37
364;0.001191889;6.477041483;18200014.36
211;0.001321879;64.0930713;11605011.56
201;0.001332341;92.6203528;13065011.28
199;0.001417578;96.73685965;13930013.79
83;0.000177926;65.08330719;4150012.054
195;3.72823E-05;41.19458365;13162514.15
72;0.000240217;85.5847152;5040011.436
97;0.000789692;38.67760728;4850013.389
259;0.000485979;80.43890894;16187514.34
27;8.2359E-05;12.38292538;1755012.052
66;8.58578E-05;12.78612121;3630011.658
233;0.000985635;149.139988;14562512.16
53;0.000144747;51.5185995;3180012.648
38;0.001355721;12.96707867;2565012.548
83;0.001176982;18.33521803;5602512.687
25;4.08612E-05;49.16378422;1437512.259
74;0.000871107;0.630845262;4255013.251
278;0.000693549;9.146894945;20850013.55
223;0.001116912;54.74206234;15052513.59
238;0.000878414;30.70277152;17255013
380;0.000679392;19.79654692;25650014.12
176;0.001204421;61.34657839;10120013.35
108;0.00124171;24.30078825;7020013.047
95;0.001418295;0.673519599;4750011.985
140;0.001383073;12.71853478;9800013.635
86;0.000684294;16.74186645;4515012.869
387;0.000932332;49.98556897;28057513.9
319;0.001129572;14.14707488;17545012.15
231;0.000281917;32.28180702;14437512.7
226;0.000604781;13.6485009;12430013.49
269;0.000815138;24.34327355;16812513.96
152;0.000846565;93.34935066;10640010.65
263;0.000324745;142.792547;15780011.99
49;0.000413383;32.39706943;2817512.269
181;0.000768421;89.24226383;11765010.54
249;8.13331E-05;52.92189006;13072514.31
359;0.001091816;48.21959907;26027513.72
358;0.001300902;45.55367884;24165014.17
318;8.3559E-05;16.53691027;21465013.33
398;0.000280067;26.04928868;27860014.39
366;0.000215318;21.69629116;21045014.64
137;0.001241751;97.26747709;8562513.856
321;0.001202762;34.82430014;19260013.87
141;0.000354875;75.67943207;9870012.016
321;0.00022208;104.241394;16852512.13
315;0.001066791;28.23409648;18900013.07
143;0.001096124;68.65475029;10010013.76
366;0.001091169;15.73526359;27450013.53
104;0.001058146;33.62195444;7540012.58
365;0.000556378;6.67964844;19162514.67
45;0.001517854;22.39234644;2925012.504
202;0.000815102;40.87640236;13635013.7
369;0.000989766;3.31335489;25830014.47
140;0.000690228;32.18471983;7350013.352
158;0.001243899;2.959012035;9875012.897
284;0.000974697;37.77118807;19170014
157;0.001504175;62.66900124;8635013.894
266;0.000261749;101.69589;15295013.31
177;0.000853168;24.22838582;12832514.02
56;0.000660247;131.333637;3920012.12
237;0.001147092;89.16529153;13035010.77
329;0.00039756;4.698867677;19740014.38
108;0.000595714;26.85489569;7290012.851
145;0.000623125;19.37224584;7250013.552
345;0.00115558;11.26893095;21562514.43
118;0.000465478;0.971231838;7965013.683
267;4.2057E-06;2.116811774;16020013.67
31;0.000568337;126.8707491;2092511.147
86;0.000940039;6.595250558;5590012.174
207;0.000707792;51.64629859;12420014.21
326;0.001271796;8.829637288;17930014.27
388;0.000408081;159.4378315;27160014.25
84;0.000292794;74.13980686;5250013.337
203;9.32979E-05;71.59958966;12687512.34
232;0.001528072;10.2403582;14500014.13
203;0.001190552;4.595949006;11672513.24
148;0.001245992;165.4211952;10360013.72
108;0.000595654;22.29375638;7290010.752
237;0.000323888;100.439396;13627514.07
309;0.000871949;62.69307403;16222513.95
226;0.001605206;18.34955353;12430013.66
363;0.001868595;62.56773679;19057512.56
31;0.001264605;141.4850517;2015011.955
275;0.000655541;65.81734478;19250014.35
326;0.000244363;3.999279202;22820013.73
116;0.001468739;9.615499505;7830013.212
274;0.00133309;1.151397502;17810014.19
83;0.001391127;40.87559672;5395013.236
179;0.000973844;12.36066608;10740014
37;0.001359779;75.63969597;2497511.972
284;0.000541044;17.63880339;17040011.93
131;0.000694124;32.70275376;8187513.593
66;0.001761964;123.9277209;3465012.833
82;0.001647366;69.84432701;4715013.082
172;0.001571812;121.7305238;9030012.615
164;0.0008259;16.22733468;8610011.977
195;0.000844795;11.91277502;11700013.9
249;0.000512968;47.64876624;14940013.87
274;0.000403294;93.34713935;13700014.4
58;0.000544721;46.30406049;3335012.905
396;0.000398181;15.78038575;23760013.69
221;0.00077183;10.57111233;13812514.2
73;0.000319936;8.612793452;4562513.133
321;0.00021837;119.5812399;24075013.53
114;0.000418362;7.675044587;8550013.277
373;0.00099807;3.286307539;18650014.76
289;0.000146984;9.062417593;16617514.51
348;0.001338866;121.2754527;17400013.64
176;9.28503E-06;24.41369201;13200012.99
369;0.00104462;96.80884596;23985014.14
362;0.000923079;12.33324915;21720014.33
120;0.001527156;81.04684608;6900013.061
313;0.000737508;29.52587819;23475014.57
62;0.001214078;17.18638517;4495012.77
364;0.000938829;11.59892959;23660013.43
89;0.000629759;15.70206541;6230010.813
311;0.000894901;31.36508965;18660013.74
276;0.001626796;73.46902934;15870013.46
91;0.001396621;4.315141473;5915013.313
86;0.000749142;65.30071871;4730013.365
368;2.30549E-05;6.834144357;20240013.97
244;0.001517187;53.44169448;13420013.04
396;0.001042229;1.581303955;26730014.25
70;0.001035178;45.81533146;5075013.134
395;0.001465652;51.11277881;26662514.4
59;0.000822942;64.6531397;4425011.175
184;0.000385127;38.72997428;10120013.12
43;0.001080511;40.98294209;2365012.737
44;0.00010636;58.48928376;2310012.747
323;0.000874044;6.132479124;17765013.32
264;0.000208757;34.50633076;19140013.77
97;0.001394173;79.58686924;5092513.383
161;0.001598224;96.35345281;9257513.913
79;0.001417414;162.9187695;5135013.267
396;0.000829009;22.65303883;22770013.88
214;0.000345786;171.6823624;14445013.49
150;0.000839689;10.15939395;11250013.47
148;0.000400609;55.25272425;9250013.749
321;0.000484648;51.75467681;21667514.33
321;0.001662833;101.044225;16050013.56
194;0.001739287;24.63375431;9700013.574
388;0.001290014;197.0135909;28130012.52
369;0.000658229;36.63533589;27675013.36
43;0.001480601;16.50434126;2795010.671
176;0.000741394;23.1601391;9240013.451
249;0.000855018;28.78678011;13695011.67
122;0.001305217;127.1526177;6710011.613
304;0.001050602;52.56210459;21280013.64
291;0.001096104;95.50975482;16005013.63
387;0.000464342;75.46459108;23220014.24
213;0.001008632;14.84729638;14910013.06
224;0.000905256;127.0417802;12880014.2
248;0.000165157;39.57716429;17360013.63
278;4.54903E-05;10.55786775;19460013.48
136;0.000819011;98.42591345;10200012
309;0.00071934;4.078509973;15450009.99
291;0.000629068;12.01444223;21097513.54
38;0.000808604;94.29042406;2280010.623
244;1.77292E-05;10.74778727;17080014.3
349;0.001100751;0.603193908;23557514.56
132;0.00106883;47.96577019;8250013.775
35;0.001426014;1.494743428;2012512.254
333;0.000598037;79.94092482;23310012.23
177;0.000733592;42.35578232;11062511.2
313;0.000895711;4.052524532;16432511.51
95;0.000119282;73.74726291;5937512.67
260;0.001082419;106.7262115;14300013.3
35;0.001879171;114.3480375;1750012.043
281;0.001289797;25.28366386;18265013.33
296;0.001458585;28.48081915;15540012.38
147;0.000907508;41.20640589;9922513.915
106;0.00079141;56.04021444;7155013.014
315;0.000499345;41.0753397;21262514.29
190;0.000961389;143.8734489;12825013.76
310;0.001337367;20.86624169;16275014.14
25;0.001311969;18.26647265;1375012.125
387;0.000538291;94.10650933;29025011.89
144;0.00174388;0.374104733;7920013.901
337;0.001232048;16.59999754;24432514.33
342;0.001074394;107.4811953;22230013.25
141;0.000143255;150.7446595;9870012.583
272;0.000360874;95.03673684;19720014.44
159;0.00035354;112.8095167;11130012.21
220;0.000248372;14.75521337;11000014.28
217;0.000583368;47.6519784;13020014.13
274;0.000726879;37.54037713;19865013.47
368;0.000851061;89.2652528;22080014.64
22;0.000383765;22.67182484;1540011.951
372;0.000946837;0.788353932;27900014.46
329;0.000879361;71.26934824;19740011.18
344;0.000736416;77.05040279;21500014.61
183;0.000806052;35.2787318;12810013.73
389;0.001071993;27.13863334;22367514.49
234;0.001485961;74.90985359;15210013.45
234;0.001218062;16.05990388;17550013.83
36;0.000262836;94.4722144;2160012.179
136;0.001584746;107.1785312;7480013.786
388;9.27793E-05;8.36960673;29100014.54
26;0.000306568;92.48695597;1690010.82
223;0.000635637;118.0575028;13937514.17
152;0.000983341;31.50797416;11400013.32
58;0.000619328;15.87481457;3335012.973
239;0.000515595;9.199756168;11950014.28
279;0.000845606;6.011305668;13950012.24
122;4.9708E-05;50.70796172;6710013.306
65;0.000428899;31.16494896;4062511.652
351;0.001244024;6.890649335;24570012.35
56;0.000286944;5.438001664;4060012.76
216;0.000715162;136.9104766;14040012.69
241;0.001283385;42.98105327;15062513.34
390;0.001717893;19.28767628;22425013.97
149;0.001062578;6.429070378;10802513.41
122;0.000237956;42.39971391;7625011.414
336;0.00099234;75.4344892;23520013.79
229;0.000413731;49.23016657;16030013.77
300;0.000824296;67.1731051;18750013.77
84;0.001617389;44.88277254;4830012.033
330;0.001198584;74.61551939;21450014.61
88;0.000929726;72.40507461;4400012.422
27;1.91466E-06;0.6597879;1350012.213
142;5.24523E-07;86.09609004;10650013.82
184;0.000152102;180.0612154;13340012.34
180;0.000761082;27.10678552;10350014.05
270;0.001015696;42.71406292;19575014.25
291;0.000780274;85.85893449;16005013.68
320;0.00188686;46.83701498;16000012.24
144;0.001613356;44.27320019;7560013.794
155;0.001011674;116.6371542;11237513.68
117;0.000821168;147.7095531;8775013.648
343;0.000881487;16.9240187;24010011.38
58;0.000483461;108.7188002;3190012.602
61;0.001313908;29.79158728;3812512.42
380;0.001278283;98.24280273;26600014.69
358;0.000916621;85.08949356;17900014.07
289;0.00085911;21.28220202;15895014.48
364;0.000299254;10.74191278;22750013.26
169;0.001781758;23.46319411;8450014.005
166;0.001318895;21.49758538;9130013.71
155;0.001869111;88.48064433;8137512.804
184;0.001857616;0.196819081;9660013.882
314;0.000408913;3.617071573;15700014.53
369;0.00134643;16.79301916;20295014.31
371;0.000187956;7.190558989;25042514.54
34;0.000562821;41.34743214;1870011.815
314;0.000211427;27.77033449;16485014.32
204;0.000610035;77.40941203;11730013.08
281;0.000923608;55.30602328;19670014.49
250;0.00048743;37.35894355;15625014.26
342;0.001355562;38.36917164;23940014.22
142;0.000790714;137.2796098;10650013.89
205;0.000925188;33.70922844;14350014.06
235;0.000430586;185.1633266;17625012.9
197;0.000721712;60.39008485;12312512.95
380;0.000250846;209.4358776;28500014
385;0.000731951;85.55232088;27912514.66
363;0.000198208;26.77197034;19965012.8
129;0.001421592;74.3325158;8062513.374
22;0.000126229;13.48013872;1430011.24
108;0.000754352;49.70130757;7830013.545
114;6.0726E-05;43.46980751;7980011.5
183;0.001166808;49.7172839;10522512.07
233;0.000713095;40.7344075;15145013.13
93;0.000265707;24.18671396;5580013.243
309;0.000296658;85.75434666;23175014.36
269;0.000487364;49.44357318;18157513.01
231;0.000693047;26.16229211;16747514.08
91;0.000123918;109.423314;5687512.673
223;0.001295198;55.56079343;15052514.2
43;0.001145785;140.6946995;3117511.689
55;0.001505527;19.92601023;2887511.962
162;0.000444656;31.10900864;10530013.75
382;0.00026174;39.43278341;27695014.53
326;0.001108648;43.72070532;16300014.5
172;0.000864968;44.74298352;11180014.01
66;0.000897289;47.97522021;4455012.908
243;0.000866465;0.879464413;17617514.06
111;0.00146449;47.60698471;6105013.421
88;0.001305955;27.54425745;5500012.358
119;0.001227891;68.20723282;8925013.03
165;7.63706E-07;10.25868194;9487512.678
189;0.001030837;44.73011322;9450014.144
34;0.000129339;75.68109447;2040011.609
245;0.000425666;43.14976452;17762514.16
357;0.000797333;21.32268106;21420014.63
344;0.001314836;90.44158727;23220013.65
329;0.001491467;47.22014611;17272513.73
305;0.000586628;44.4021212;22875011.18
25;0.000580652;53.04745803;1250011.664
212;0.000568885;16.06681658;14840014.23
21;0.001084997;40.43002051;1155011.725
270;0.001063176;80.44095695;17550012.37
105;0.001861476;4.230860806;5250012.491
182;0.001547761;123.3547288;9100013.045
201;7.91791E-05;88.83156676;12060010.76
383;0.000460879;26.82897246;20107514.42
148;0.000609436;4.652262776;8140012.849
276;0.001220967;62.65065023;19320014.37
104;0.000982286;117.1531495;7020013.072
389;0.000462858;18.6409802;22367514.1
129;0.000518096;30.2074303;7417512.696
385;0.001347304;42.74688742;21175014.21
24;0.000549644;80.85279146;1800011.768
168;0.001752146;40.99616872;8400012.652
113;0.000434378;56.85796062;5932513.577
298;0.000915608;9.260590133;16390010.87
259;0.001299638;39.47370139;18777513.39
257;0.000714109;54.73010267;17990013.71
248;0.000917041;12.90798574;16740013.88
288;0.001065468;57.38302839;15840014.49
286;0.000262721;113.7668467;19305013.98
328;0.000342892;2.008209507;22960014.66
243;0.001316527;41.02458678;12150014.02
247;0.00048294;104.3748407;12350012.14
162;0.000596373;9.689114357;11745012.9
220;0.000934573;96.96803273;13750013.73
180;0.001026492;81.94640516;9000012.548
103;0.001418462;6.468376572;6952513.059
371;0.000222155;53.28996613;27825014.59
327;0.000876332;6.339138673;24525014.5
285;0.001295635;94.697841;18525014.07
373;0.00060821;35.1326523;18650013.29
150;0.001283276;19.49620509;9750011.461
58;0.000887595;141.346074;4060012.896
232;0.000792051;58.44049938;17400013.84
21;0.001030835;69.90535099;1155012.039
342;0.000352631;85.91041465;25650014.69
108;0.00084154;60.71787283;6210011.205
165;0.000704114;115.5110849;8250013.884
150;0.000885879;56.08966951;10125012.94
345;0.001127077;41.56213045;23287513.92
20;0.001253206;49.14373721;1350011.912
287;0.000671949;157.5353821;21525014.09
215;0.001213656;24.83696432;16125013.94
184;9.57532E-05;122.8313772;12420014.12
250;0.000542626;16.72889008;17500012.71
133;0.000457374;5.320327848;7647513.103
104;0.001331122;114.1168174;7540012.497
267;0.001705405;113.9511438;13350014.25
390;0.001109307;71.02429251;29250014.8
46;0.001182317;21.73717654;2645012.786
24;0.000753105;89.92683644;1620011.875
317;0.000627558;48.73602552;20605014.04
154;0.000798746;59.94462141;8470013.761
25;0.001345165;2.148888278;1375011.628
91;0.001822582;19.11164121;4550010.999
288;0.00128298;2.457273832;19440013.91
263;0.001272164;80.85031567;14465014.12
224;0.000170128;34.51286194;16240013.8
51;0.001350199;88.8621869;3060011.898
97;0.000264611;72.50633732;7032512.11
321;0.000806757;172.5143996;24075013.99
393;0.001200671;4.358783908;29475014.36
220;0.001069756;5.729521304;15950012.33
264;0.000429499;70.06492146;16500014.02
45;0.001661222;34.36503238;2250009.176
39;0.001338918;73.13277089;2242512.194
167;0.000936692;107.2575603;12107513.71
343;0.000713099;77.03443571;18007514.07
300;8.05885E-05;179.5187318;19500014.13
195;1.72274E-05;16.50061425;11700011.56
283;0.001061734;161.5271513;18395011.07
207;0.001448591;155.4442044;13455012.44
94;0.000923495;1.327033374;4935012.628
143;0.000916021;43.59675598;10725013.03
242;0.001767291;51.039391;13310014.08
347;0.000505784;25.48606505;22555014.16
56;0.00145113;19.17580017;2800012.198
184;8.52753E-05;13.23947105;10120013.95
322;0.001215418;21.80716191;16905014.05
148;0.001704177;33.22929007;8510013.911
348;0.000135379;9.646948343;22620014.53
61;0.000167636;87.61436269;3507510.734
103;0.000827161;14.26198848;6695013.483
245;0.000393848;9.518658341;15312514.24
296;0.001817935;81.65634437;15540013.59
87;0.001352651;10.04532779;6090012.798
208;0.000641325;69.43648605;14040013.19
373;0.000187229;28.20888258;27042512.23
163;5.27973E-05;2.306039052;11817513.95
340;0.000957521;38.06504084;25500013.98
176;0.001476962;137.9735941;11880014.01
380;0.000335758;16.925946;19000013.99
328;0.000604866;111.7408737;17220012.86
239;0.000872755;36.73965631;15535014.33
139;0.000574985;128.8493313;9382513.755
347;0.001201202;7.185056716;23422514.23
368;0.000850697;26.80073568;23000014.68
57;0.000736768;46.52550312;3990011.931
66;0.000223786;20.89543559;3795013.023
206;0.001307219;0.139560549;11330011.89
383;3.8281E-05;90.31788199;23937513.65
393;0.000118659;88.45581083;20632514.53
378;0.000485068;36.81530333;27405013.27
195;5.71045E-05;33.24387461;12675013.64
177;0.001296852;177.0610284;12390013.95
38;0.000369987;4.549569955;1995012.496
277;0.001651856;13.59066548;14542514.42
294;0.0013338;39.88117371;16170014.54
135;0.000903266;1.855001811;9450013.744
215;0.000238499;54.50942079;11825014.24
334;3.55204E-05;24.30712282;20040013.42
377;1.68959E-05;106.482331;20735014.21
223;0.000709921;42.0809154;14495013.22
136;0.001364671;5.885503003;6800012.807
374;0.000552615;6.23312327;27115014.73
121;0.000711304;60.55130051;9075013.611
317;0.000544522;95.79227236;15850014.09
100;0.000901413;158.8379747;7000013.083
388;0.00024312;129.021353;29100013.82
397;0.001030913;144.7066049;24812513.36
341;0.000935234;121.4222572;25575013.2
81;0.0006426;3.622962071;4657512.421
190;0.001073632;79.97100877;12350013.85
234;0.000227027;29.80750438;15795014.33
85;0.000358394;40.52510513;4675013.417
67;0.00128644;21.45067715;3685012.614
274;0.000820067;89.83336534;20550013.82
39;0.001329127;88.70802855;2925012.255
373;0.001318269;15.50080275;18650012.85
320;0.000323328;63.00428127;17600013.88
65;0.001421546;89.26823004;3250012.097
329;0.00132565;69.58898875;18917514.16
175;5.5678E-06;7.726246571;9625011.726
111;0.000509582;5.893021606;8325013.395
198;0.00050326;26.33804751;10395013.75
396;0.000209833;52.62205249;25740011.46
173;3.29772E-05;127.0812951;10380014.02
62;0.000571058;151.1231403;4650012.932
128;0.001676282;51.12809418;7360013.741
72;0.000158666;75.42339489;5040013.268
331;0.001064627;6.949039451;22342513.23
40;0.001017997;37.20931014;2000010.373
269;0.001049984;96.47805651;17485013.7
110;0.000452186;47.33433285;7425011.973
379;0.000838483;126.0253328;21792514.44
78;0.001547991;75.01329157;4290012.994
379;0.000293015;39.04782942;24635011.31
262;9.93301E-05;0.707670707;16375011.29
364;0.001343126;16.93680919;26390014.46
116;0.000665406;113.4850185;8700012.94
360;0.000864679;44.83888317;27000013.86
303;0.000173871;38.16894509;15150014.47
245;0.000863796;152.8392398;17762514.16
349;0.0005703;19.61223293;26175013.92
79;0.000986661;50.75332087;4345013.182
273;0.000285857;36.75233345;16380014.01
61;0.000820615;65.32788339;4270011.209
23;0.001627326;93.24988153;1207511.417
102;0.001019361;68.31043531;5865011.636
76;6.50881E-05;13.11875284;5510012.017
334;0.000843412;51.14039881;19205013.64
369;0.0003486;99.7055411;22140014.14
365;0.000991016;6.34138545;20987512.76
253;0.000961494;203.0724548;18342514.36
90;0.000584205;9.047218971;4950011.788
315;0.001055753;89.40883011;20475013.33
166;0.000928493;43.70702025;9545014.026
321;0.000324213;47.55493369;18457514.47
375;0.000188843;50.39745611;21562513.47
353;0.000586809;111.2168917;22945013.87
195;0.000805864;41.27240726;10237514.07
133;2.69215E-06;100.2393313;8312512.074
344;0.000702648;44.69673681;23220014.47
230;4.67053E-05;18.75857082;16675013.46
323;0.001554858;118.0873553;20187512.9
359;0.000417368;111.4485188;19745014.07
179;0.00111465;15.43363586;12977513.22
361;0.000722168;40.48278631;18952514.11
86;0.001361022;12.91227136;6235012.866
228;0.001588845;76.61955969;14250012.75
235;0.000431776;58.88630941;16450014.05
357;0.001474191;27.19274523;19635014.31
31;0.00091273;19.00212038;2325011.856
42;0.000661402;22.14533156;2415010.594
155;6.63109E-05;71.99979947;9687512.69
324;0.00016291;2.125842996;23490012.95
303;0.000833813;92.0029778;22725014.2
233;0.000680115;19.04321008;12815013.09
338;6.10906E-05;69.27255755;17745014.6
328;0.001500451;112.0054061;21320014.03
385;0.001023134;12.26662535;27912514.11
364;0.000195952;24.455536;21840014.56
285;0.000282324;8.54028147;21375014.05
291;0.00153155;61.67524686;16005013.74
250;0.000192413;131.5453347;16875013.73
212;4.7896E-05;98.8065778;14840013.81
288;0.001341716;20.38747769;15120012.87
364;0.001248019;92.08245848;26390014.72
260;0.000793181;43.15197263;15600012.18
142;0.000745754;162.328195;9940013.725
48;0.000543913;4.705627196;3360011.133
110;0.000466649;13.39118798;5775010.963
211;0.001354004;29.35601905;14242513.78
339;0.001134632;27.27526196;25425014.22
191;0.000579276;126.8060449;12415012.93
24;0.00114926;75.81156988;1620011.844
150;0.000323985;149.7177011;11250013.07
112;0.001656994;63.79333049;5600011.132
378;0.000158692;18.56761479;26460014.5
274;0.001118939;57.69162889;15070014.47
340;0.000630508;67.64916885;20400014.35
137;0.000925027;21.11083981;9247513.666
304;0.001331208;10.35150735;17480014.34
339;0.001238154;172.2041802;22035014.32
26;0.001007786;126.0304164;1560011.961
185;0.000220639;80.78702748;11100013.71
116;0.000445349;29.60283748;8700012.643
388;0.001549884;35.9349397;21340013.52
45;0.000333467;20.81003665;2475012.338
349;9.32587E-05;20.65337938;20940013.83
154;0.000661614;81.96509925;8470013.908
262;0.000642244;106.9965168;19650013.74
226;0.000897985;8.447491067;13560014.17
135;0.000992502;25.77807797;8100013.789
250;0.001460827;32.31912612;15000013.42
307;0.000851262;143.192904;22257514.01
100;0.000967504;131.7092398;7250011.927
262;0.001182498;27.23729987;13755014.32
228;9.74084E-05;90.39949114;15390013.28
110;0.000675704;99.14043511;7975013.461
94;0.000508707;161.6830231;6815013.099
232;0.000700004;10.84449816;12760011.35
313;0.000292162;93.69838508;23475013.82
128;0.001862377;10.36251503;6400013.571
313;0.001270721;4.869094433;20345013.12
214;0.000254392;30.26953767;16050013.9
79;0.001903108;25.79465892;4147513.074
26;7.88298E-05;47.18682024;1820011.405
294;0.000291502;164.9758893;20580013.19
174;0.001547013;25.85105106;9570013.843
109;0.001262172;45.73850159;5722512.18
262;0.000821225;107.3288546;17685014.34
30;0.000818823;89.80095654;2100012.267
120;0.000918038;67.12819916;6600013.007
323;8.4241E-05;86.63104873;23417513.34
376;0.000481572;33.71814867;21620014.51
259;0.000425895;6.747497258;14892513.5
219;0.001745368;81.49531598;12045013.17
223;0.000972677;57.29673581;15610013.79
214;0.001016717;133.9340793;16050011.21
156;0.000274085;39.14934327;8190012.743
245;0.001426298;114.8592328;14700014.11
200;0.000912995;21.14966575;13000013.49
258;0.001723114;32.27757789;14190013.64
381;0.001079729;19.36409029;28575014.52
353;0.00110952;89.31351376;26475014.2
290;0.001709845;9.37113161;14500013.18
220;0.001074428;2.071945298;15400014.06
282;0.000169793;15.00499718;21150013.62
189;0.00131758;125.4334418;11812513.74
355;0.000686557;38.89808836;23075013.37
380;0.000582199;9.970289493;20900012.45
343;0.001246259;27.37474221;25725012.85
158;0.000210647;164.7447081;11060013.76
37;0.001633575;58.55921306;1942511.508
257;0.000913652;67.29803352;19275014.1
353;0.001294471;40.50138267;20297514.53
103;0.001372889;16.45520454;7210013.211
204;9.22926E-05;23.52241916;12240014.14
383;0.000427657;36.18415761;20107514.43
319;0.000954514;18.29411078;15950013.98
309;0.000147555;9.893374915;21630014.22
312;0.000795233;21.81605621;21060013.02
253;0.000562247;75.93927052;18975013
134;0.000721869;38.71636599;10050013.22
136;0.000333227;12.57042175;7820011.658
86;0.000509656;25.9760769;5805012.495
200;0.001306098;20.46153002;12500012.48
152;0.001041372;87.73656624;8360012.846
67;0.001102969;2.612583709;4857511.67
368;0.001052625;60.72773038;20240014.15
118;0.000907278;58.88479907;5900013.148
258;0.000138776;0.706303955;19350012.4
397;0.000551794;35.21553117;28782514.78
377;0.000872692;3.987044923;27332512.22
359;0.000694129;10.44561743;21540012.56
365;0.000116215;118.4180614;18250014.49
24;0.001626088;77.99932784;1380011.656
137;0.001509522;12.65114843;7192509.939
81;0.001282142;110.9452483;4455013.199
189;0.000348839;29.35272165;12757514.02
286;0.000660806;72.66682011;21450014.49
180;0.000224187;49.45769907;12600013.77
326;8.15121E-05;18.05104524;22005013.97
173;0.000727464;22.45176184;10380012.51
123;0.001682246;17.86958131;6765012.994
147;0.001420082;39.77033617;7350011.898
278;0.001831154;119.3954338;14595013.98
384;0.000933717;62.36561792;19200014.11
128;0.000822597;59.26230963;9280013.742
330;0.000211265;63.95882278;20625014.63
315;3.08563E-05;72.69317678;21262514.05
30;0.000493518;24.42580691;1725011.637
141;0.00125601;68.8424841;10222512.24
321;0.00034989;10.98143689;19260010.16
136;0.000725785;15.02376883;10200013.61
228;0.000577185;72.3763029;13680014.32
57;0.000992497;26.18609984;3847513.014
217;0.000786549;101.7747481;13020013.39
229;0.000712413;9.450927705;12022513.56
282;0.000844695;23.22846505;15510013.79
194;0.001734638;148.3013283;10670013.33
318;0.000604948;55.69638103;16695014.56
358;0.00040082;130.870049;24165014.6
294;0.00129646;124.494035;17640013.89
383;0.001096716;14.67725063;26810013.65
309;0.001550866;3.131819428;15450013.46
379;0.001042139;49.93545362;28425014.54
327;0.000211871;0.678710288;22072513.63
327;0.001525999;3.287074503;18802514.31
104;0.000678085;20.94706741;5720013.594
326;0.00077976;4.040134049;23635014.48
350;0.000693011;148.8460995;19250014.6
254;0.001163837;14.34474486;12700013.53
194;0.000819409;7.837963405;13095010.15
382;0.001382548;30.54418087;22920014.65
331;0.001872661;121.6645568;17377514.01
375;0.001538128;15.45079348;23437514.75
175;0.000641483;0.31760039;13125013.1
325;0.001746802;2.656426382;17875014.15
27;0.000484612;42.36952869;1552512.156
119;0.001245297;44.41973366;7140013.041
62;9.7389E-05;34.28022083;4185012.957
146;0.000612701;55.19835344;7300011.064
205;0.00151834;56.54847628;10762513.63
106;0.000435517;14.83731476;7420013.356
295;0.000683545;63.24740995;15487512.98
155;0.001623518;13.64397242;8525011.474
83;0.000409248;12.03422862;6225005.807
77;0.000959623;30.92763936;5390013.274
307;0.000907605;56.00850955;15350012.91
92;0.000330318;115.4230067;5980012.65
241;3.09816E-05;27.41280312;12050014.1
365;0.000778344;22.02807731;23725013.81
240;0.000896132;63.1544774;17400014
176;0.000279265;45.70141835;10120013.85
323;0.001021658;135.0828324;18572514.14
331;0.000979269;11.84940898;19860013.48
49;0.000943224;62.38380197;2450011.312
23;0.001521941;3.501079338;1322512.137
223;0.001673578;9.528807091;11150013.71
333;0.001356035;22.21319139;22477512.85
82;0.001012981;4.70909216;5535012.296
182;0.000548169;64.38922525;13195013.67
306;0.001460323;24.83404905;19890014.46
340;6.71019E-05;71.83528342;24650014.27
311;0.000368992;24.73028761;17882513.92
144;0.001034515;16.4730175;8280013.738
124;0.001104978;24.90639257;6200012.583
258;0.001150569;41.42794556;16125012.98
79;0.00072681;142.9375508;4147510.965
186;0.00078991;101.3157355;9765013.682
356;0.000278966;6.109295708;17800013.48
252;0.001214957;3.338267526;17010011.7
133;0.001055676;19.45519333;9310013.323
397;0.000560749;31.85535417;27790013.77
314;0.000575759;1.878558252;22765014.49
136;0.001306824;107.1887638;9180013.626
147;1.1847E-05;120.8293412;8085013.905
211;0.001791542;18.57443095;11605013.61
224;0.001432635;51.44872877;11760013.82
283;3.22757E-05;16.84837041;16272514.26
344;0.000514659;44.29933432;24080014.17
30;0.000333284;82.54524322;2100012.278
292;0.000695087;51.01772724;19710014.54
79;0.000925577;34.3191301;4937510.721
135;0.000942701;63.43058858;7762513.188
393;0.00076574;28.18319325;26527514
199;0.000538999;15.05464069;10945013.99
216;5.26048E-05;24.77758224;13500013.39
81;0.000395759;8.989668708;4860013.13
109;0.001234457;20.22917893;6540013.078
342;0.000998631;44.28288799;23085012.97
131;0.000633713;63.72957041;7860012.704
33;0.001264897;17.4279654;1650011.871
163;0.001481423;119.2663116;11002513.87
261;0.000832402;6.335767376;15660014.08
95;0.000678942;36.48573734;4987513.263
146;0.001135283;97.27313365;9125013.813
176;0.00082829;141.0686883;12760013.33
65;0.001462813;47.15305624;3900012.622
185;0.001525099;60.30396506;9250014.061
271;0.000847076;40.80673145;16260013.14
59;0.000697705;14.927978;3982512.943
116;0.001168376;99.71077204;5800012.857
64;0.001307477;57.78337735;3360012.327
104;0.000555363;14.73601525;5980011.98
254;0.000555622;115.5079718;14605012.97
225;0.00164534;58.10855801;12375013.15
193;0.000591004;48.63234974;9650011.897
226;0.00064774;20.71218523;13560009.71
280;0.000650216;143.6516117;20300014.07
277;0.00113822;99.67465276;15235014.11
116;0.001453514;25.84061938;7540011.839
143;0.00085414;116.2949006;9652513.603
296;0.001724455;18.78051007;16280014.01
287;0.000273778;22.33813218;14350013.68
326;0.001538035;88.90963154;17115013.49
47;0.00093104;13.56628799;3525012.444
277;0.000596747;72.44578592;18697514.23
150;0.000364351;6.782443878;7875013.325
388;0.00065015;96.19134813;23280013.47
368;0.000462376;35.81826847;19320014.01
138;0.000297651;20.33569628;8625011.793
326;0.001500618;45.36416746;20375013.72
312;0.000821197;180.5795472;22620011.81
53;0.001390096;60.08359109;3312509.943
333;0.001162088;95.15010829;20812514.37
377;0.00124197;7.675614625;20735014.03
257;0.001271947;9.226892328;15420011.43
111;0.000521087;3.748743629;7215013.425
118;0.000764802;52.61789707;7080013.066
210;0.000990258;26.1379013;10500012.87
60;0.00172999;52.39385231;3300012.672
376;0.000558584;2.923301842;24440014.1
166;0.000974702;63.70971219;11205013.28
238;0.000875868;2.466090847;13090011.35
152;0.001062964;109.4664947;7980012.382
115;0.000349901;91.39845931;6900013.685
70;0.001009248;45.2126454;4550011.685
47;0.000982746;10.11358867;3172507.855
43;0.000227905;12.1419265;3117511.647
345;0.001861981;33.74020349;17250013.83
148;0.001211346;10.89587339;9620011.831
138;0.000221246;89.15855207;8970012.21
253;0.001382693;91.51595619;14547514.31
301;0.0002058;50.22972077;15802512.33
146;0.001282445;34.07819234;8760013.412
369;5.85925E-05;58.93531204;27675013.87
35;0.001274119;135.9909379;2362512.409
370;0.00180062;33.35005322;19425014.59
124;0.000496086;76.16140485;9300013.171
211;0.001090975;25.89210099;13187513.2
174;0.00118684;4.191303124;12180014.06
220;0.000226471;9.595307513;12650013.02
387;0.0009393;31.05810258;27090014.57
129;0.001243593;72.84608182;6450012.717
367;0.00077753;64.2000696;23855014.16
374;0.000178579;101.6942371;28050014.49
289;0.001642127;4.251598469;16617513.49
397;0.001150283;2.614038654;19850014.78
109;0.000313565;65.55068757;6540013.559
28;0.001261228;107.6997511;1820011.776
59;0.000319897;36.0868147;4130011.394
104;0.000346068;29.24223766;6500013.338
112;0.00065409;138.4527321;6720013.548
399;7.14823E-05;19.01778996;23940014.75
193;0.001416089;87.52152389;10132513.57
234;2.25306E-06;21.85658761;14625013.43
218;0.001557474;14.9353123;13080014.17
249;0.001454744;45.97148091;14940006.48
93;0.001178504;19.70083567;5347513.333
116;0.000661882;26.58681947;6670013.525
292;0.000465522;42.17997999;20440014.17
332;0.001338333;97.29576206;20750014.59
152;0.001285747;9.703650062;10260013.62
312;0.000757967;21.05192794;17940014.47
276;0.000945606;6.30766804;15870014.34
284;5.88747E-05;84.11991289;19170013.24
92;0.001489863;100.5277614;5060012.87
